model,member,epoch,tr_loss_total,tr_loss_H,tr_loss_RoCoF,tr_loss_D,tr_loss_swing,tr_loss_smooth,vl_loss_total,vl_loss_H,vl_loss_RoCoF,vl_loss_D,vl_loss_swing,vl_loss_smooth
pinn,0,1,0.7498473426917704,0.19181474330040013,0.15493804134610223,0.9417854918212425,4.374315613393087e-05,0.9670834170608986,0.3889978878638324,0.011044148930951077,0.004050165770904106,0.7513066705535439,8.219596151427729e-07,0.027532108401989237
pinn,0,2,0.44109752556172815,0.03581950688598359,0.02477567366937675,0.7829830617439456,4.962344876996834e-06,0.13981548296969112,0.3793766340788673,0.007956223767798613,0.0010054259020013407,0.7414112932541791,2.1957308483840334e-07,0.02120308095917982
pinn,0,3,0.4133264415147828,0.018769174836939427,0.011463819196584022,0.7762311711543943,2.2654515502348127e-06,0.07093188661809374,0.37647731689845815,0.006056252120555762,0.0006182356754673974,0.7398735039374408,1.4490248352839283e-07,0.017516563646495342
pinn,0,4,0.4044722976481042,0.013218119990353177,0.007090818914925543,0.7743947978426771,1.3880863431905909e-06,0.051095482825142584,0.3743288534529069,0.004373024313655847,0.00047669149353168905,0.7391418358858894,1.25359985294354e-07,0.014653142349904074
pinn,0,5,0.39970918072433004,0.01019222357469361,0.00490579359437816,0.7733143320897731,9.636569760049297e-07,0.040650942885294195,0.3735664294046514,0.0038741297252914485,0.00037347241339054615,0.7387231553302092,1.0088300223956406e-07,0.014394373591879712
pinn,0,6,0.3970037059086125,0.008398182729895159,0.003648092782851763,0.7728665136709446,7.127543655337277e-07,0.034786358180387715,0.3729749637491563,0.003448891973889926,0.00032435040253296713,0.7384572695283329,8.621995520156013e-08,0.013522155500729294
pinn,0,7,0.3951233338292052,0.007135762980707535,0.0028565470015675556,0.7725013509029295,5.554969983838263e-07,0.03082884861746939,0.3721361458301544,0.002765205825733788,0.0002539308663793182,0.7382406136568855,6.795766229488971e-08,0.012363057200084715
pinn,0,8,0.39350976740441673,0.006150311818800685,0.002307942614141034,0.7718573961316085,4.521549828534883e-07,0.027646895520752522,0.37224610938745384,0.0029259889338658575,0.00024914401343694944,0.73813695416731,6.69875254874007e-08,0.012702153160181992
pinn,0,9,0.39249637504903284,0.00543191779700176,0.0019205090016262923,0.771702147838546,3.7704392167786244e-07,0.02528297764862456,0.3716229884063496,0.00235501241610002,0.00017331866718664328,0.7381216042182025,4.871942149055913e-08,0.012047820861506112
pinn,0,10,0.3916222998281805,0.004861355628591121,0.001642060911896207,0.7714107523604137,3.2016857830523983e-07,0.02342498136638868,0.37168212673243356,0.0025022217373856727,0.00015151844127103686,0.7379705695544972,4.302244019861652e-08,0.011883153347298503
pinn,0,11,0.3910773636364355,0.004392792783086983,0.001401876492664309,0.7715299798221122,2.763987839255317e-07,0.02183663529321188,0.37163226394092336,0.0023999541470616616,0.00018982083223390337,0.7380452822236454,5.490885236688026e-08,0.011470731560086064
pinn,0,12,0.3906332636024894,0.004006875511372417,0.001231580127950576,0.7716100026921529,2.4151068466502827e-07,0.02053526461851306,0.37224431774195504,0.003135597751037601,0.00015232616330168266,0.7378313646597021,4.1357477651699276e-08,0.011683538562946898
pinn,0,13,0.39009399639397135,0.0036707204119188755,0.001077149634067787,0.7713796096604045,2.1148520679949663e-07,0.019468608789327668,0.37208015778485465,0.0029963825158227015,0.0001273171484867549,0.7378111201174119,3.193552779086584e-08,0.01145180532544413
pinn,0,14,0.389586082318934,0.003399405074760136,0.0009599763895782483,0.7710442492147771,1.8905904726846242e-07,0.01843783065176955,0.3722401822314543,0.003047192277496352,0.00012797431062448167,0.7380326565574197,3.305356960685699e-08,0.011264387757846099
pinn,0,15,0.38930398952670214,0.0031776337219947357,0.0008571941686635156,0.7710394139696912,1.6912130007540327e-07,0.017788287467981983,0.37225256947910085,0.0031562825829228934,0.00011122879817883265,0.7378516302389257,3.0601433648518434e-08,0.011482438093106099
pinn,0,16,0.38891267849177846,0.0029556342803804974,0.0007740522176879118,0.7707976531691667,1.5335680987435607e-07,0.017103856474888032,0.37242573499679565,0.003273307585486156,0.00010050066510516713,0.7379708956269657,2.5796032708606563e-08,0.011670020614367197
pinn,0,17,0.38881092282330115,0.0027898633966176975,0.0007041673873062813,0.7710042057967768,1.3901102257372392e-07,0.016673041541674514,0.37248383374775157,0.003342764130245675,0.00010140922934036044,0.7379507843185874,2.4578306239926164e-08,0.011494351153755012
pinn,0,18,0.38858062137917776,0.0025934713165752772,0.0006428157070242777,0.7710136393221413,1.2733498513600863e-07,0.015879904987608513,0.3723846393473008,0.0033229241106549606,0.00010667352912338068,0.7377899113823386,2.5367086104879758e-08,0.011339794919716524
pinn,0,19,0.3883412792915251,0.0024721265838640494,0.0006011662942289216,0.7708285785302883,1.1896356992185536e-07,0.015416140259220832,0.37260055717299967,0.0035638237262473386,9.68710780451896e-05,0.7377495380008922,2.4870296358284685e-08,0.011350017499781269
pinn,0,20,0.38805151203783544,0.0024117949112068588,0.000574438739709965,0.7703990034940766,1.1364012794194046e-07,0.015287942536992997,0.3721642897409551,0.003063733299153254,0.00010151823174537105,0.7378751670613009,2.442079950024917e-08,0.011219088282600483
pinn,0,21,0.3880893540818517,0.002346367444615902,0.0005519254006752063,0.7706337534799809,1.0983814226714147e-07,0.015003365850666674,0.37270303333506866,0.003672720706912086,9.718942494467174e-05,0.7377356746617485,2.299849847819293e-08,0.0113854576176142
pinn,0,22,0.3878927125436504,0.0022688626465046913,0.0005244864779098596,0.7704271630543035,1.0535254437943478e-07,0.014791815007877787,0.37261788108769583,0.0035836983896682367,8.994243206175538e-05,0.7377511683632346,2.2293392752751916e-08,0.011359948322505635
pinn,0,23,0.38782853651337507,0.00222022076302049,0.000504499258013533,0.7704191818469908,1.0111523273965803e-07,0.014637790393175148,0.372537002843969,0.0034672314136782113,8.99385788002024e-05,0.7378240297822392,2.2994573252035747e-08,0.01127593535656
pinn,0,24,0.3878619438264428,0.0021580279614526504,0.0004851379007294138,0.7706357793110173,9.785613940840538e-08,0.014336485881358385,0.3724912703037262,0.003384663470034652,8.000017837997909e-05,0.7379062561427846,1.8641280571450673e-08,0.011345378205399303
pinn,1,1,0.722185921014809,0.18279310811038424,0.11127250627955286,0.9477317653051237,2.2901151080476688e-05,0.9890677120263983,0.396083603886997,0.010477887480245793,0.002548485364326659,0.7681362313382766,5.286037809823671e-07,0.026336076395476565
pinn,1,2,0.44410624264217,0.03832108506978285,0.019023832842344192,0.7895476919848744,3.6541241903117824e-06,0.14990291017584684,0.3800498439985163,0.006995564586866428,0.0008134137469289057,0.7448995534111472,1.5246873045150685e-07,0.019777597530799752
pinn,1,3,0.41444601700073336,0.020095035524629965,0.008690525726528793,0.778485077910307,1.670507634660281e-06,0.07628440516205823,0.37593626450089845,0.004973116741680047,0.0005008601343861836,0.7411127931931439,8.428469425659976e-08,0.015629554961753243
pinn,1,4,0.4047857657438371,0.01377427725621113,0.005406774319254044,0.7755429308588911,1.028270178988062e-06,0.05363285346183835,0.3742016606471118,0.0040590853074236825,0.00037632503646069807,0.739630194271312,5.96550080445013e-08,0.013929048238103004
pinn,1,5,0.3996888599017771,0.010518149132045304,0.003801262608115993,0.7736956302712603,7.198152824147234e-07,0.04219742078424954,0.373682686511208,0.003924391574828941,0.0003111697459483848,0.7389381142223582,4.583301184331557e-08,0.013362780815976508
pinn,1,6,0.3968520233543908,0.008527940071028908,0.0028729665422494092,0.7730602491192702,5.419884735701777e-07,0.03572076981569209,0.3726652212002698,0.0031732358380823452,0.0002624937949483009,0.7384589875445646,3.6828597583347374e-08,0.01312133445240119
pinn,1,7,0.3948241072457011,0.007177671673139784,0.0022632639398003315,0.7724063847123123,4.252361371643973e-07,0.03113569905299966,0.372446431833155,0.003091671072658809,0.00022949030972085893,0.7382289451711318,3.3163331009438263e-08,0.012550860903609325
pinn,1,8,0.39336681002523843,0.006197021689220536,0.0018571095183355416,0.7719240697418771,3.4760980392226287e-07,0.027895506948414372,0.3730497553068049,0.0037997791488819264,0.00020304654839599286,0.7380539669710047,3.19371772949286e-08,0.012143807417220053
pinn,1,9,0.3923963588185427,0.005454626246696201,0.0015563884701738815,0.7718164586439366,2.895566922927351e-07,0.02550791478829413,0.37289439580019784,0.0037138870752909604,0.00019072450146161239,0.7379271352992338,3.12564134052242e-08,0.012155089445193024
pinn,1,10,0.39136546050629967,0.004857276600399395,0.001319846226379457,0.7712232993870247,2.4522750668050477e-07,0.023638979940697913,0.3726763357134426,0.0035638655193478744,0.00016847023824298317,0.7378166563370648,2.7611092706332087e-08,0.011987833402064793
pinn,1,11,0.390739158159349,0.004357427900952355,0.0011477150653329928,0.7711800009739108,2.1352074016737411e-07,0.02176605437586947,0.37286224785973043,0.0037595180363175183,0.0001656063432164956,0.7377997706918156,2.8674503712643266e-08,0.012001534964998855
pinn,1,12,0.39048944740760616,0.00400433560163237,0.0010082567296638267,0.7715485910090004,1.87458514229026e-07,0.020650024775688242,0.37360314761891084,0.004405897377771051,0.0001410135932126329,0.7380139827728271,2.48665938036819e-08,0.01197211560793221
pinn,1,13,0.3898814865728704,0.003697987716849439,0.0008924995859937243,0.7710822042895527,1.6632279596944678e-07,0.019598138461843495,0.37311168803888206,0.00403417952303939,0.00013345024190665057,0.737782853491166,2.499633587697591e-08,0.011932537233566536
pinn,1,14,0.3893793283439264,0.003405642383391174,0.0008075872951516564,0.7707666972788368,1.5043283258641966e-07,0.018639507817059028,0.373490571975708,0.004449856885270599,0.00013247266285950043,0.7377055076991811,2.5597110209218954e-08,0.012169530546730933
pinn,1,15,0.3892073442296284,0.003181445375425605,0.0007331271900045799,0.7709613369732369,1.3627670751209113e-07,0.017853055535474928,0.37296056046205406,0.003981933679075583,0.00012252669886733843,0.7375979528707617,2.5223566294464624e-08,0.011835570543018334
pinn,1,16,0.3887624235414877,0.0029820658028034902,0.0006698399914212798,0.7705483225787558,1.2523914843940497e-07,0.017115549218454738,0.37302230386173024,0.004082560546093565,0.0001079614600765875,0.7375375207732705,2.240228708421241e-08,0.011696877190843225
pinn,1,17,0.388568351544985,0.0028376936708099957,0.0006287264788137158,0.7705013046904308,1.1709508480454888e-07,0.016552522721723084,0.37314342049991384,0.004145379143986194,0.0001082695420978673,0.7376562637441298,2.3405830371897912e-08,0.011574448784813285
pinn,1,18,0.3885363620228884,0.002770507679797891,0.0006018135889728622,0.7706000470533604,1.1243114779559375e-07,0.016480843139040035,0.37297724275028005,0.004091037231880952,0.00010330074506140697,0.7374362524817971,2.0170054384874783e-08,0.011640096576336552
pinn,1,19,0.38844244000388356,0.0026844821631817556,0.0005793931337482319,0.7706092792313274,1.0823990523390865e-07,0.016351010457317277,0.37342845867661867,0.004514874493264977,0.00010665919099290691,0.7374859417186064,2.341109058246569e-08,0.01172537197742392
pinn,1,20,0.38816001102691744,0.002587549706421247,0.0005542673167017311,0.7702745976971417,1.0428383576731348e-07,0.0157923609041041,0.37353988956002626,0.004580666543915868,0.00010373618437477169,0.7375797629356384,2.1376438188186137e-08,0.011744685868239579
pinn,1,21,0.3882111892467592,0.0025352927083831006,0.0005285067444031195,0.7705073414779291,1.0057507711211457e-07,0.015787828395642887,0.3737088266540976,0.004773730028639822,8.888945761581828e-05,0.7375476290197933,1.8295275516777565e-08,0.01168144790126997
pinn,1,22,0.3881239440382981,0.002453726645354636,0.000508163939230144,0.7705262296083497,9.643254554772483e-08,0.015292789639405361,0.3732643320279963,0.004296061233617365,9.372398134848267e-05,0.7376094811102923,1.8226140231046e-08,0.011663997956715962
pinn,2,1,0.7622224939305607,0.19446303359255557,0.1334670005229915,0.9814276440841395,3.0203410937602023e-05,1.0312143676891559,0.39466113202712116,0.01229255345156964,0.004322635146844036,0.7598753641633427,8.162713878418264e-07,0.02695804401574766
pinn,2,2,0.4465088996945358,0.03886345887511242,0.02583895975769293,0.7863723199541975,5.185164379726324e-06,0.15392819056060256,0.38026061128167543,0.007680275100831161,0.0009248693377765663,0.7438603955156663,1.918994548625907e-07,0.018767620710765615
pinn,2,3,0.41606551953932136,0.020206596849985967,0.012283760793052795,0.7778800442451383,2.4324115534776555e-06,0.0776532186513267,0.37676536335664634,0.005726374713156153,0.0005120371831307078,0.7412567033487207,1.04736752813123e-07,0.015458932310781059
pinn,2,4,0.40607067034011934,0.014080594577712983,0.007620807754148434,0.7752426172175059,1.4950524046514878e-06,0.05579121056489828,0.37472010360044594,0.004337045774959466,0.00035696061197942235,0.7401462828411776,7.058625683953323e-08,0.013140530982876526
pinn,2,5,0.4007985250252049,0.010887212528869874,0.005261330422377441,0.7736717949553233,1.0246510472403849e-06,0.04443397336616749,0.3730042839751524,0.0030609829392393723,0.00029411806163432845,0.7393446424428154,5.575532359985653e-08,0.012389381443533827
pinn,2,6,0.39790359611918286,0.008913112423814288,0.003911521839454952,0.7733149659342882,7.622747985562188e-07,0.03768576727044291,0.3723321714821984,0.0026142967878566947,0.0002367098392877618,0.7389664299347821,4.76969581216856e-08,0.011627375969991964
pinn,2,7,0.3957068723876302,0.007535163091677354,0.0030204216813350597,0.772660799142791,5.902013710494163e-07,0.03307445815241918,0.3720383328550002,0.002508060065070715,0.00019604994133046335,0.738626150523915,4.038838304321711e-08,0.01191460041274481
pinn,2,8,0.3940485715866089,0.006529924050882095,0.002406989488319108,0.7720396198877474,4.6553326657009696e-07,0.029501683419434037,0.3720367217765135,0.00261491205652847,0.00017456394690431326,0.7384337923106026,3.839839682818953e-08,0.011759737259982264
pinn,2,9,0.39302697377960855,0.0057738432149607236,0.001974411907878409,0.7719918009711475,3.8566354506689625e-07,0.026971779763698578,0.3714417797677657,0.0020939205937525805,0.00015050863037365214,0.7383217145414913,3.564098569216533e-08,0.011171653990031165
pinn,2,10,0.3921570178212189,0.005169282553762924,0.0016679577458445438,0.7718099479268237,3.2428873210603074e-07,0.02484923655666956,0.37139805274851184,0.002039389291038627,0.00013870426996350835,0.7383553666227004,3.1548270610294503e-08,0.011160041219280922
pinn,2,11,0.3914274191711007,0.00468609493975414,0.0014268580736115392,0.7715934696720868,2.7702503896252005e-07,0.0230884584938971,0.37179411860073314,0.0025892741841209285,0.00012786142949206645,0.7380451630143559,2.98468294262728e-08,0.011829927221269292
pinn,2,12,0.3908266363347449,0.00427330577484809,0.0012431830485782971,0.7714307504456218,2.415600173005659e-07,0.021612152161939843,0.3717297315597534,0.002512529564281816,0.00012269822464612147,0.7380909358753878,3.051428474604483e-08,0.011035053347073057
pinn,2,13,0.39027245342731476,0.003931691376038078,0.0011045590097016496,0.7711668276205296,2.1366551203666348e-07,0.020485580240080997,0.37164589236764345,0.0023129219908322044,0.0001147015016827294,0.7383291440851548,2.7971795233002814e-08,0.011101210832267124
pinn,2,14,0.38996498577478456,0.003655887489979405,0.0009865671617728545,0.7712421024717936,1.9212312296082108e-07,0.0194568975215278,0.3713582315865685,0.0021501536796088606,0.00010367541322279173,0.7380942597108728,2.436408826323553e-08,0.010908234535771258
pinn,2,15,0.3895177743056925,0.0033980775510937702,0.0008813291802298186,0.7709843727146707,1.7224798498096878e-07,0.01866717609327014,0.37173858635565815,0.0023890326231005878,0.00010847716518636683,0.7383692615172442,2.729449440320262e-08,0.011065480751259363
pinn,2,16,0.3892625025132807,0.0031615238460689418,0.0007958735620443959,0.7710474351557289,1.54022384093401e-07,0.01791695966498881,0.3715706713059369,0.0023470729801749043,9.247696160694912e-05,0.7381250928429997,2.1791826173632538e-08,0.011478752212818055
pinn,2,17,0.38905542071272686,0.002963004713287441,0.0007275370554430638,0.7711105448443715,1.422687812977551e-07,0.01732326152439161,0.37190551792874055,0.002587052894180969,9.15629200736636e-05,0.7383233413976782,2.0507805701985194e-08,0.01109768235234215
pinn,2,18,0.38857844072144204,0.0027854802717295723,0.0006675646965471437,0.7705867021549039,1.295346790047971e-07,0.016570019513005164,0.37181948213016286,0.002675856271868243,9.25344718459254e-05,0.7379776590010699,2.328390771691936e-08,0.010849405593677041
pinn,2,19,0.3884936963639608,0.002650864314424192,0.0006127030299067861,0.7707502376742479,1.2057985170777213e-07,0.016124307870774006,0.37163809467764464,0.0025997804340851657,7.810521150103715e-05,0.7377764477449305,2.0143750510763257e-08,0.01110085506704362
pinn,2,20,0.38820086492270955,0.0025221864301029867,0.0005700508701876261,0.7704747828041635,1.1220518758028537e-07,0.015614478099273472,0.3715719124850105,0.0023977551677757327,7.659596068312086e-05,0.7380565019214854,2.075665516589625e-08,0.010757921784020522
pinn,2,21,0.38813985738812423,0.002397465877371227,0.0005288779232991723,0.7706520695511888,1.034525238157873e-07,0.01518156463507472,0.3715057180208318,0.0024482211070683073,7.573030897594221e-05,0.7378193525707021,2.1872544768839094e-08,0.01099231607718941
pinn,2,22,0.38794818229791594,0.0022888917152247413,0.00049102501894018,0.7705298596765937,9.662612390432115e-08,0.014875701923922794,0.3718045669443467,0.0027288244386641856,7.269617965314811e-05,0.7378605253556195,1.8829488608840916e-08,0.010910699541187462
pinn,2,23,0.3877844701452953,0.002171116053387977,0.0004569233257448437,0.7704823177035262,9.049921778907402e-08,0.014364310324464629,0.37177356551675234,0.002865765072569689,6.831104410058983e-05,0.7375263852231643,1.8300311174942527e-08,0.01104304988128955
pinn,2,24,0.3875188547663572,0.0020998926838950776,0.00043256120456712,0.7701233363733059,8.623320438204712e-08,0.014092302654029392,0.37159982498954325,0.0026294440681607846,6.499920795356636e-05,0.7376577573664048,1.8369563334504966e-08,0.01089772503987393
pinn,2,25,0.38762969214741777,0.002048962052468574,0.00041882832756084276,0.7704618674952809,8.338393035124106e-08,0.014029192783665366,0.3716131957138286,0.002659812562770265,6.550349558785777e-05,0.7376217175932491,1.9016242332437582e-08,0.010974666610469712
pinn,2,26,0.38731592094025963,0.002012191560380615,0.0004068413538511888,0.7699209524364006,8.071182720544396e-08,0.01397469735181913,0.37167737939778495,0.002590161152457928,6.298013164161923e-05,0.7378969052258659,1.7578799278961765e-08,0.010724979343221468
pinn,2,27,0.3873674346179497,0.001956899698664684,0.0003925103043978352,0.770150948588441,7.772035641620477e-08,0.013872415508802345,0.3716458888614879,0.0025986188351560164,6.44227370417759e-05,0.7378130975891563,1.8476627757191932e-08,0.010847873424234636
pinn,2,28,0.38729510038364223,0.0019124023908771938,0.00037934315971541784,0.7701131665125126,7.620055541570853e-08,0.01363677056733428,0.3719973686863394,0.002789491941631936,5.9652259712011605e-05,0.7381402815089506,1.7483080447408048e-08,0.01078886490123456
pinn,2,29,0.38719406142467405,0.0018779784242236397,0.0003650249762846748,0.7699989632862371,7.337373990774877e-08,0.013401627892673743,0.3717778114711537,0.0027360040934153776,5.76161191394717e-05,0.7378093670396244,1.6948585071344604e-08,0.010829529861974366
pinn,3,1,0.7743258977808604,0.195737728803623,0.15996481137486493,0.9764504338183054,3.453254733291787e-05,1.03805437175239,0.40455497187726636,0.012698209652786745,0.004147013169987237,0.7791134048910702,6.98716295279583e-07,0.022655077716883493
pinn,3,2,0.4494553128393685,0.03874782343372339,0.028777808019119066,0.7895999979682085,5.724490675652859e-06,0.15180134627877212,0.38100237004897175,0.007701944559812546,0.00126665282090578,0.7450135245042688,1.9306592779390912e-07,0.0160309580319068
pinn,3,3,0.41583798825740814,0.019586192534827605,0.013167811444074643,0.7778376973256832,2.5690136828039035e-06,0.07485290566777311,0.3774040516685037,0.005950177999158555,0.0006362134590744972,0.7419859030667473,9.357241068260812e-08,0.014278439407729927
pinn,3,4,0.40574308830063516,0.013623913466112643,0.008142439114702185,0.7750297225103145,1.5737799297467728e-06,0.05326220220545443,0.37509815482532277,0.004657849114771713,0.0004394541508244241,0.7401706751655129,6.228336978190729e-08,0.013521422988132518
pinn,3,5,0.40081235512000757,0.01054875489051749,0.005697395056258978,0.7739789267865623,1.0974925368284348e-06,0.042500236730386574,0.37410105501904206,0.0039371497559306376,0.00030663573552909144,0.7397569067337934,4.665324398695916e-08,0.013210801489870338
pinn,3,6,0.397728418068188,0.008692117561245473,0.004316456320627433,0.7730265259742737,8.341343395730336e-07,0.036439242432030235,0.37307363923858194,0.00333058915909051,0.0002533933413146502,0.7389813135651981,3.908504202640602e-08,0.01256762966787552
pinn,3,7,0.39561989358285576,0.0074229006564653505,0.0034218074032673386,0.7723286987804785,6.593999000592813e-07,0.032134394774713165,0.37279585179160624,0.003127441566903144,0.00022527639264487387,0.7388732082703534,3.171325717065589e-08,0.011914137901519151
pinn,3,8,0.39419668149657366,0.006441667443141341,0.0027971740516765813,0.7721348746520716,5.375419685306707e-07,0.02886135333285826,0.37232205447028666,0.002841655284796348,0.00017632356406572987,0.738544713048374,2.8820683251704875e-08,0.011985243996605277
pinn,3,9,0.3930591773696062,0.005710300643042457,0.0023485280987920196,0.7718183122030119,4.4761152200474655e-07,0.026509865096247778,0.37211860628689036,0.0023944533279384762,0.000159749536525102,0.7390595639453215,2.5465253017387113e-08,0.011447209837462972
pinn,3,10,0.39216109492429874,0.005124891091637858,0.0020106612540009183,0.7715700355971732,3.841510695887026e-07,0.024550788558837845,0.37205464349073525,0.0027025833226028174,0.00015407952699152862,0.7383191059617435,2.1685721401605164e-08,0.011543766164001735
pinn,3,11,0.3916537558160177,0.004656859151110417,0.0017347758630199767,0.7717971598229757,3.3388283920829985e-07,0.023059765626562805,0.37241827740388755,0.002756626403424889,0.00013759810441543404,0.7389608726781958,2.0747930902754274e-08,0.011238401187309885
pinn,3,12,0.39090108326295525,0.004245304247000959,0.0015158995264777687,0.7713648516957353,2.9123898297889466e-07,0.02151107851688455,0.37193942946546216,0.0026389310711666066,0.00013348155377624447,0.7382418653544258,2.39672265824625e-08,0.011280077893067808
pinn,3,13,0.3903602049118135,0.003895896892971927,0.001334743900792446,0.7711894228691007,2.555987652208276e-07,0.020196952834361938,0.3722303386996774,0.002603224091752268,0.00011176693292594898,0.7389229571118074,1.6975607638535033e-08,0.010973330772043589
pinn,3,14,0.38999152074499827,0.00362604440803208,0.001193393856605015,0.771149300947422,2.2891206649463617e-07,0.019390094298415067,0.3715127548750709,0.002392624706879039,0.00010339810657623115,0.7379185346996083,2.1343816648729498e-08,0.01091375426553628
pinn,3,15,0.38974201751918325,0.0033783772165273747,0.001081320200904795,0.771273160853037,2.0819481198109647e-07,0.018619166664415744,0.3714402791331796,0.002344720603158588,0.0001042459364672301,0.7378740135361167,1.4668861158430873e-08,0.010641390567316729
pinn,3,16,0.38930489013834696,0.003158767497530434,0.0009744205418406282,0.7709636630081549,1.8841213675414554e-07,0.017689141501649852,0.3719130824593937,0.002482672204838737,9.035101003759978e-05,0.738556956543642,1.5405780442195544e-08,0.010673119186642854
pinn,3,17,0.3889865475456889,0.002965566267759153,0.0008917742809167177,0.7708084968532004,1.723155667802042e-07,0.017067413606749075,0.37166399464887734,0.0025025171378408283,8.678656826412086e-05,0.7380206690115088,1.4778287404273188e-08,0.010773244389223264
pinn,3,18,0.38877081761999827,0.002786086159531118,0.0008167067468847806,0.7708204933782903,1.5723884555372046e-07,0.016597413503360456,0.3719494763542624,0.0024280239252702277,8.865482767064618e-05,0.7387416958808899,1.4244891070635437e-08,0.010627018397345263
pinn,3,19,0.38861482753986265,0.00265277128257766,0.0007552687219264577,0.7708470734154306,1.4633286825090446e-07,0.016073972838590057,0.3726109844796798,0.002634894458905739,8.360191350220703e-05,0.7396538608214435,1.3793278937324725e-08,0.010735166793250862
pinn,3,20,0.3883194029331207,0.002510906861549834,0.0007003229785790076,0.7706042768024817,1.3618913901221433e-07,0.015605972125762847,0.37316642789279714,0.002428526716197238,8.14754755136913e-05,0.7411804023910972,1.2154217710711718e-08,0.010696470758001156
pinn,3,21,0.38827340922704556,0.00239077230586057,0.0006455707196259825,0.7708148229412917,1.2508389970412837e-07,0.015231486319041834,0.3724806133438559,0.0022633717094054993,7.62398644035463e-05,0.7401466615059796,1.3699227321156366e-08,0.010578314732650624
pinn,3,22,0.3879592832995624,0.0022807871928529405,0.000608933811280422,0.770452056716128,1.1864315076181589e-07,0.014788159873427414,0.3720315747401294,0.002185361470123205,7.01129642145722e-05,0.7394134577582864,1.4485204512983701e-08,0.010441443650051951
pinn,3,23,0.3878190444736946,0.0021637608566912026,0.0005642325963779557,0.7704603010561408,1.1073544717502467e-07,0.014290159818057606,0.3733999746687272,0.002816871986450518,8.10154083677951e-05,0.7408734174335704,1.1594632339207531e-08,0.010588340995395008
pinn,3,24,0.38766278253822795,0.0020833365738437306,0.0005304976948536932,0.7703444674247648,1.0316532356846326e-07,0.014186138207683475,0.372890128808863,0.0030689502532100853,6.183745491023943e-05,0.7393670958631179,1.1196335048633527e-08,0.01067103962550926
pinn,3,25,0.3875670164096646,0.0020030756074957915,0.0005066331625751379,0.7703438328533638,9.949904566388885e-08,0.013861463302973567,0.3723672505687265,0.002794276806525886,5.917445313945577e-05,0.7388765917104834,1.2939704157839275e-08,0.010508656221003655
pinn,3,26,0.3874800979364209,0.0019607865592328514,0.0004915437468032284,0.7702723668842781,9.626659976486446e-08,0.013726238831423404,0.3725332109367146,0.002865380949943381,5.695802428817842e-05,0.7390647179940167,1.2895883733426002e-08,0.01069899125928607
pinn,3,27,0.3875223765286004,0.0019230596087986558,0.00047357320869284705,0.7704531208771032,9.252782050577657e-08,0.013587973182793797,0.3732730904046227,0.0025499637704342604,5.8428471675142646e-05,0.741179389112136,1.1036203898463688e-08,0.010422057944678646
pinn,3,28,0.38735297540339025,0.0018811965156800862,0.00045770789828810207,0.7702192744103874,8.984407269101057e-08,0.013319708770368158,0.37349607839303856,0.00286788897424498,5.431213054073262e-05,0.7409921954659855,1.166303764676968e-08,0.010493123883326702
pinn,3,29,0.3872646805716724,0.0018397511491302129,0.0004446928197001221,0.7701373042129889,8.780402460391132e-08,0.013384174600970454,0.37263046993928794,0.0027168090729152456,5.516273909854456e-05,0.7395612527342403,1.2169561515369932e-08,0.010544657255248988
pinn,3,30,0.38707399259253245,0.0017863552316046524,0.0004320831635041253,0.7698819877170935,8.533285609831449e-08,0.013051484257164524,0.373073968817206,0.0028344472966102116,5.3179766088279016e-05,0.7402156871907851,1.1143630854683258e-08,0.010509173413190772
pinn,4,1,0.7670744294073524,0.19689057930940534,0.16424100105537148,0.9568232683146872,4.3023567769057814e-05,0.9651712188270034,0.3934207400854896,0.011428345405661008,0.0034722924122915547,0.7600221283295575,5.500430889322374e-07,0.024518816403168088
pinn,4,2,0.44084446241215963,0.03552967284965079,0.021556932831228507,0.7863213274537063,4.264646089190714e-06,0.1375230811536312,0.38007064426646514,0.007439836161211133,0.0010029333061538637,0.7438496281118954,1.687568923818403e-07,0.020450999179635856
pinn,4,3,0.41404948765184824,0.019331439693526523,0.010554319679191926,0.7774007720191304,2.057563998422244e-06,0.07400919687820644,0.3762953000910142,0.0052905810709275745,0.0006246792943463387,0.7410362888784969,1.0324846295575566e-07,0.017421051627025008
pinn,4,4,0.4050560797133097,0.013612528399723331,0.0068213607343595205,0.7749955850403484,1.3189996033494336e-06,0.053468206624795754,0.3746097736498889,0.004237817929071539,0.0005022862015346833,0.7399333470007953,8.995510198166599e-08,0.015410132829428595
pinn,4,5,0.4004556380394029,0.010668139677585625,0.0048930834263290575,0.7738224980307788,9.445137083076123e-07,0.04293293251496989,0.37345700053607717,0.0035637532949776333,0.00036078214179724455,0.7391374707221985,7.050088575678113e-08,0.014408975634176065
pinn,4,6,0.39747731169549433,0.008761640070233404,0.0037109771680950026,0.7729887017389623,7.149948863215974e-07,0.03654776038829147,0.37301388032296123,0.0033821286496651523,0.0002967216517872122,0.7386966978802401,5.695381609464622e-08,0.013501138850936996
pinn,4,7,0.39549689721770404,0.007400124788102581,0.002952470435624624,0.7725991097892203,5.715062038356469e-07,0.032063869532288576,0.37251437236281004,0.00305797194938778,0.00023833590367918506,0.7384118788382587,4.455874132414759e-08,0.01312670822474448
pinn,4,8,0.3940468034366282,0.006422114558517933,0.0024282039006853977,0.7722418657163295,4.6522720981833915e-07,0.028932645303628792,0.37204768026576324,0.002697714251767406,0.0002144497715669465,0.7382385239881628,4.285964921530863e-08,0.012344452935983153
pinn,4,9,0.39289042026531407,0.005690099557907116,0.002030817568926822,0.7718440134350847,3.8883155461806427e-07,0.0262597039023914,0.3723281253786648,0.0030840739765314058,0.00018840265607543508,0.7380501557798946,4.087596363349883e-08,0.012473980012788054
pinn,4,10,0.39210512943384124,0.0051013015539998685,0.0017364403423171762,0.7717848972576421,3.3600239893386484e-07,0.024285839688850612,0.3720696130219628,0.0027663749026353747,0.00017420350281206672,0.7381924355731291,3.1296435769731676e-08,0.01198863864684587
pinn,4,11,0.3913749554535238,0.004631399438239452,0.001509530262499139,0.7715217311207841,2.8913750102025536e-07,0.022763800943588337,0.37208818688112144,0.0029586918706841327,0.00015933647698736475,0.7378591824980343,3.1228239236343944e-08,0.01202003433889545
pinn,4,12,0.3905221747189033,0.0042179282442325865,0.0013244748896374026,0.7708557277190976,2.538389317927928e-07,0.021389233766169084,0.3723522582474877,0.0031319988398429226,0.00014915694640983609,0.7380546927452087,3.175042534768877e-08,0.011830397963743
pinn,4,13,0.3903023680535758,0.003897428350727551,0.0011740575513302734,0.771230647476708,2.2442310791309243e-07,0.020236306732929334,0.3719063664183897,0.0028579011182848584,0.00013214499331832698,0.7377337497823379,2.9880545828491984e-08,0.011549081454765709
pinn,4,14,0.3898925065267377,0.00360134836547531,0.0010558508184636238,0.7711428004067119,2.0258917691385582e-07,0.019162901677191257,0.37235988413586335,0.003007956479183015,0.00014544267062720952,0.7383242810473722,3.1973957599221006e-08,0.011703297571169542
pinn,4,15,0.38959993640097174,0.00336266684959211,0.0009628433447399336,0.7711424471401587,1.833177241875513e-07,0.018444314246951806,0.37234435712589936,0.00289465715382796,0.00011492545394610395,0.7385560800047482,2.4719824200674873e-08,0.011417533106663647
pinn,4,16,0.3890912652742572,0.003149815687409988,0.0008737344313242541,0.7706520731856183,1.670020743049241e-07,0.017837746386847843,0.3720525783651015,0.0029367951655705623,0.00011758825348806567,0.7378837746732375,2.1590477484277042e-08,0.011507034568828256
pinn,4,17,0.3889025340719921,0.002976546484250121,0.0007966384987301398,0.7707118820853349,1.5364000898621382e-07,0.017157278364387955,0.3725309810217689,0.003388908315066467,9.862036762676914e-05,0.737952470779419,2.1385985218019493e-08,0.011649540317354394
pinn,4,18,0.38860567168491644,0.002796182099434479,0.0007270040067208068,0.7705614181553445,1.3992905921230241e-07,0.016513268315664877,0.372447892146952,0.003310031380833072,9.610977020415971e-05,0.7379489120315103,2.032842725524835e-08,0.011532259769463801
pinn,4,19,0.38840019121402647,0.002632999406536905,0.0006740502232299527,0.7705398470890231,1.310411965821514e-07,0.01601156260727382,0.3728071381064022,0.0035373436540420003,9.372984705431223e-05,0.7382148083518533,2.3033225000504257e-08,0.011549877002835274
pinn,4,20,0.3882450712163274,0.002501064201635195,0.0006259866392455722,0.7705521583557129,1.2099387516827403e-07,0.015481640902779452,0.37251615348984213,0.0034099528600242644,9.232241384726127e-05,0.7378900927655837,2.0499879388784635e-08,0.01149699669194353
pinn,4,21,0.3880019246078119,0.0023957087470945423,0.0005837247569238903,0.7703261310007514,1.1278490016174722e-07,0.015117384447920613,0.3730597303194158,0.0036846403587226044,8.707474968533086e-05,0.7384336836197797,1.8996401471457267e-08,0.01146826775991084
pinn,4,22,0.3876952801535769,0.0022644512227554692,0.00054508608073087,0.7700222047363839,1.050496040507857e-07,0.014707840854165757,0.37312540762564717,0.003768445595222361,8.115633253884666e-05,0.7384028119199416,1.7995063739771038e-08,0.011494774898678502
pinn,4,23,0.38767168180244727,0.0021819766162235925,0.0005136855069417279,0.7701744219151939,9.908350320166037e-08,0.014555577802040228,0.37312745697358074,0.0036606436992502388,8.019007766372798e-05,0.7386240363121033,1.919017426012167e-08,0.011466872857828788
pinn,4,24,0.387659712535579,0.0021399169004658555,0.0004974892423289442,0.7702567293876554,9.684482254617318e-08,0.014259529538543486,0.37311350422746997,0.004073414944714922,8.527586632065803e-05,0.7377651158501121,2.086628621523299e-08,0.011486351222950308
pinn,4,25,0.3875389713339689,0.002086973997548495,0.00048067742389365574,0.7701398592169691,9.35065267491964e-08,0.014163715560443518,0.37322783996077147,0.003637447412235334,7.371874380623922e-05,0.7388791406855864,1.7828642510032884e-08,0.011393931064316454
pinn,4,26,0.3874428842852755,0.002040638449238386,0.0004623990886413106,0.7700623470108684,9.008178407004668e-08,0.01397838960288138,0.3732456459718592,0.0036425946472103104,7.34442195714698e-05,0.738907235510209,1.7690583429525225e-08,0.011268832905711058
pinn,4,27,0.387347581909924,0.0019956280082668656,0.0004509325194592792,0.769974715825988,8.843174197251046e-08,0.013903868078004296,0.3733843214371625,0.004068369251292418,7.450393326614765e-05,0.7383274471058565,1.6794937937113312e-08,0.01149555528536439
pinn,4,28,0.3871172383064177,0.00195040822273302,0.00043371634056689446,0.7696272483686122,8.50227635504691e-08,0.013625621307277826,0.37382449472651763,0.0042505600654027045,7.13615789958139e-05,0.7388453623827766,1.8913786145112547e-08,0.011554128819090478
mlp,0,1,0.7432864152076768,0.19570798163370387,0.1551406330360872,0.9400162340664282,0.0,0.0,0.38869931242045236,0.011236844173468211,0.004093413652085206,0.7508315233623281,0.0,0.0
mlp,0,2,0.4409375539640101,0.037084528199601466,0.02498650517905267,0.7827195437943063,0.0,0.0,0.3792025955284343,0.008025759625632097,0.0010089320438804433,0.7413447323967429,0.0,0.0
mlp,0,3,0.4130430933905811,0.01920923139763678,0.01149583193359942,0.7761718907007357,0.0,0.0,0.37636427318348603,0.006128447541200063,0.0006186056690400138,0.7398530350011938,0.0,0.0
mlp,0,4,0.4042238251465123,0.013485289996535314,0.007101161144219521,0.7743759075315987,0.0,0.0,0.37423644171041603,0.004431635298875763,0.0004770030568846885,0.7391326146967271,0.0,0.0
mlp,0,5,0.3994948064408651,0.010384320508597828,0.004917024436020633,0.7733039470707498,0.0,0.0,0.3734625805826748,0.003916352918809827,0.00037318197085850816,0.738719270509832,0.0,0.0
mlp,0,6,0.39681565325434615,0.008554664877720358,0.003660455042291887,0.7728615228722735,0.0,0.0,0.3728779045974507,0.003487501307116712,0.00032429492720813653,0.7384565086925731,0.0,0.0
mlp,0,7,0.3949491930444066,0.007265205534811064,0.002868694173762711,0.7724992807318525,0.0,0.0,0.372053160386927,0.0028059750432422492,0.0002544601696118822,0.7382399159319261,0.0,0.0
mlp,0,8,0.39334876980723404,0.00626189333227713,0.002318863904603371,0.7718548883752125,0.0,0.0,0.37215593807837544,0.002963957260362804,0.00024796552658218015,0.7381360004929935,0.0,0.0
mlp,0,9,0.3923477919363394,0.005531191462423743,0.001930130559031102,0.77170307171054,0.0,0.0,0.37152906025157256,0.0023833220920470707,0.00017431163338615615,0.7381171654252445,0.0,0.0
mlp,0,10,0.39148204864525216,0.004950305708207008,0.0016508371478355511,0.771412647351986,0.0,0.0,0.3715917485601762,0.002532305778004229,0.00015055959374876693,0.7379683256149292,0.0,0.0
mlp,0,11,0.3909438830323336,0.00447365711727066,0.0014098590600486027,0.7715305940407079,0.0,0.0,0.371557132286184,0.0024404682095765192,0.00018959443824475303,0.7380437395151924,0.0,0.0
mlp,0,12,0.39050563879129363,0.004080911530408918,0.001238670237021657,0.7716107840945081,0.0,0.0,0.3721832457710715,0.0031935965286239106,0.00015130393405664056,0.7378279952441945,0.0,0.0
mlp,0,13,0.389972762363713,0.0037392618520775945,0.0010834557249880872,0.7713835428400737,0.0,0.0,0.3719993146026836,0.003030848901664071,0.0001268016400418299,0.7378101278753841,0.0,0.0
mlp,0,14,0.38946877928768714,0.0034632425976735427,0.000966065077724435,0.771045008810555,0.0,0.0,0.3721721961217768,0.0030815598541213307,0.00012704019001616603,0.7380542334388284,0.0,0.0
mlp,0,15,0.38919253065818693,0.0032383719481891247,0.0008628246319060009,0.7710454950972301,0.0,0.0,0.3722039653974421,0.003221528056789847,0.00011103015469202278,0.7378538461292491,0.0,0.0
mlp,0,16,0.3888033777475357,0.0030123546049453135,0.0007796531100189541,0.7708023939190841,0.0,0.0,0.37235645862186656,0.003330834744059864,0.00010004414520260659,0.7379512050572563,0.0,0.0
mlp,0,17,0.38870191065276544,0.002843823022686127,0.0007096010454782717,0.7710065739910777,0.0,0.0,0.3724307452931124,0.003406922415118007,0.00010074653597685563,0.7379468994982102,0.0,0.0
mlp,0,18,0.38847540682408865,0.0026427554534521045,0.0006480234307407333,0.7710172817474459,0.0,0.0,0.37231490892522473,0.0033696663689196985,0.00010550985911429641,0.7377849712091333,0.0,0.0
mlp,0,19,0.3882341025079169,0.0025181092446806227,0.0006057521784053434,0.7708262365038802,0.0,0.0,0.37253256054485545,0.0036226471146459088,9.459273732157752e-05,0.7377252368366017,0.0,0.0
mlp,0,20,0.387945005443038,0.0024553342699641136,0.0005792843024587123,0.7704000596593066,0.0,0.0,0.37209097953403697,0.003106089562232442,9.941515642875696e-05,0.737870363628163,0.0,0.0
mlp,0,21,0.3879882878646618,0.0023873999442269164,0.000556646117219338,0.7706451299713879,0.0,0.0,0.3726545011295992,0.0037412677672417727,9.471813566907418e-05,0.7377317442613489,0.0,0.0
mlp,0,22,0.3877811413712618,0.002306142086503891,0.000529012994176322,0.7704209896122537,0.0,0.0,0.37257178390727325,0.00366185322020422,8.763722101267537e-05,0.7377322316169739,0.0,0.0
mlp,0,23,0.38771946401130863,0.0022567228510657826,0.0005087533610072214,0.7704167315145818,0.0,0.0,0.3725029370364021,0.003556273124345085,8.660632546011852e-05,0.7378067198921653,0.0,0.0
mlp,0,24,0.38775918687262184,0.0021921185969670373,0.00048901351941068,0.7706451241563006,0.0,0.0,0.3724606913678786,0.0034681198063909132,7.84044510938282e-05,0.7379067364860984,0.0,0.0
mlp,1,1,0.7157092025367225,0.18708856122159376,0.11182538715259331,0.9454159038822826,0.0,0.0,0.395638809484594,0.010762730750310071,0.002591905725078986,0.7671602508601021,0.0,0.0
mlp,1,2,0.4438236904580419,0.03965162276858237,0.019161073366043772,0.7891830612973469,0.0,0.0,0.3798484328915091,0.007048265405875795,0.0008133414427421111,0.7447869917925667,0.0,0.0
mlp,1,3,0.41413507774108793,0.020574393761684982,0.008703508045206346,0.7784178620431481,0.0,0.0,0.3758244216442108,0.005038253983537502,0.0005006971375277156,0.7410716414451599,0.0,0.0
mlp,1,4,0.4045102043849666,0.014048862736672163,0.0054106635791135995,0.7755120193086019,0.0,0.0,0.3741164189927718,0.004124943084795685,0.00037566046162015377,0.7396072885569405,0.0,0.0
mlp,1,5,0.39945188855252617,0.010710747867095761,0.0038074761708607762,0.7736748049898845,0.0,0.0,0.37358660908306346,0.003969589015468955,0.00031055415456648916,0.7389234900474548,0.0,0.0
mlp,1,6,0.39664268711718115,0.008678319466459314,0.002879605909650464,0.7730491313992477,0.0,0.0,0.3725665088962106,0.0032100861666121464,0.0002615188029320801,0.7384513230884776,0.0,0.0
mlp,1,7,0.3946364801831362,0.007302386413623647,0.0022699483386354477,0.7723982406825554,0.0,0.0,0.3723479298984303,0.0031214162419714473,0.00022786083162132213,0.738225165535422,0.0,0.0
mlp,1,8,0.39319311772904747,0.006305648610222994,0.0018633100212687944,0.771911629816381,0.0,0.0,0.3729485168176539,0.0038222703562282466,0.00020210441246437018,0.7380503871861626,0.0,0.0
mlp,1,9,0.39223401430176524,0.005551013487913623,0.001561523714704757,0.7718044795641085,0.0,0.0,0.37281497611719017,0.003759700236568118,0.00018932484817923978,0.7379212274270899,0.0,0.0
mlp,1,10,0.3912183271675575,0.0049446193989729735,0.0013245108364172643,0.7712229068686323,0.0,0.0,0.3726016966735615,0.003611437654506196,0.00016753391751348425,0.7378129783798667,0.0,0.0
mlp,1,11,0.39059559928207865,0.004434857315883585,0.0011516090527903743,0.77116987690693,0.0,0.0,0.3727860503336963,0.0038092939443338442,0.0001644095295084887,0.737789108472712,0.0,0.0
mlp,1,12,0.39035392861540724,0.004076586508123976,0.0010117039896502364,0.7715429830841902,0.0,0.0,0.3735352263731115,0.004458906957605744,0.00014015451297917238,0.7380124891505522,0.0,0.0
mlp,1,13,0.389752513751751,0.003764110188590499,0.0008956630886021275,0.771081145943665,0.0,0.0,0.3730539101011613,0.004094432731268599,0.00013194410198861186,0.7377870047793669,0.0,0.0
mlp,1,14,0.38925213602984826,0.003465090452398105,0.0008105532757415459,0.7707635396864356,0.0,0.0,0.3733917930546929,0.004479201246902128,0.00013131479478461724,0.7376938637565164,0.0,0.0
mlp,1,15,0.38908258698335507,0.003236273067957926,0.0007353817409460955,0.7709572453324388,0.0,0.0,0.3728611311491798,0.004007687579895205,0.00012165987145100884,0.7375852185137132,0.0,0.0
mlp,1,16,0.38864362930379265,0.003032678854651749,0.0006718798391464189,0.7705500227649037,0.0,0.0,0.3729591720244464,0.0041384322479750746,0.00010720993754255367,0.7375342705670525,0.0,0.0
mlp,1,17,0.3884532157240844,0.002887107542625106,0.0006306163814747933,0.770501600532997,0.0,0.0,0.37304848607848673,0.0041777384398943365,0.00010710874074207181,0.7376343853333417,0.0,0.0
mlp,1,18,0.38842358640054375,0.002819005760545956,0.0006039101252809349,0.7706052522833754,0.0,0.0,0.372910515350454,0.004146061139181256,0.0001024469749930123,0.7374264597892761,0.0,0.0
mlp,1,19,0.3883265224171848,0.0027305471835794245,0.0005812196440074775,0.7706107330031511,0.0,0.0,0.3733408345895655,0.004551932085579371,0.00010606335725991384,0.7374717452946831,0.0,0.0
mlp,1,20,0.38804398040945937,0.002630898816988054,0.0005557812273320629,0.7702703817588527,0.0,0.0,0.3734551422736224,0.0046251554398194835,0.00010287435190334422,0.7375570991460014,0.0,0.0
mlp,1,21,0.38809992482022543,0.002579201049761983,0.0005300408509622397,0.7705114076777202,0.0,0.0,0.3736220668343937,0.004807787967900581,8.815996282946264e-05,0.7375404028331533,0.0,0.0
mlp,1,22,0.3880135838578387,0.0024960732723518114,0.0005095108712472521,0.770525509264411,0.0,0.0,0.37319260835647583,0.004340501180302133,9.277984110453604e-05,0.737611430532792,0.0,0.0
mlp,2,1,0.7552091221256954,0.19859899389671115,0.13391555441407169,0.9793046989092012,0.0,0.0,0.39425694942474365,0.012452280313214836,0.004415134666487575,0.7591942092951607,0.0,0.0
mlp,2,2,0.446253990981637,0.04018477775247359,0.02606880278667299,0.7860696221270213,0.0,0.0,0.38009118858505697,0.0077445240800871566,0.0009361739400500322,0.7437571567647597,0.0,0.0
mlp,2,3,0.41576848815127115,0.020690172660823274,0.012351368860591476,0.7778052614956368,0.0,0.0,0.37663739043123584,0.005773783846320037,0.0005138707278734621,0.7412133427227244,0.0,0.0
mlp,2,4,0.4058162824409764,0.01438233692471574,0.007669001988067132,0.7751988855803885,0.0,0.0,0.37463372419862184,0.004397351472802898,0.0003592976992128088,0.7401134476942175,0.0,0.0
mlp,2,5,0.4005799642423304,0.011111114003763693,0.005304160738000419,0.7736335374960085,0.0,0.0,0.37291135156855865,0.003107878061093609,0.00029527643431827207,0.739311670555788,0.0,0.0
mlp,2,6,0.3977106082730177,0.009091663878501915,0.00395187055237773,0.7732860169759611,0.0,0.0,0.37221211194992065,0.002620595637434984,0.00023942623845548094,0.7389436048619887,0.0,0.0
mlp,2,7,0.3955337877680616,0.007684781607921894,0.0030607468670052363,0.7726372654845075,0.0,0.0,0.37190788808990927,0.0025049086509491593,0.00019694629650878007,0.7386090194477755,0.0,0.0
mlp,2,8,0.39389387354618166,0.006657787502129994,0.0024449485496095403,0.7720272243022919,0.0,0.0,0.37193061849650216,0.0026295156807036083,0.00017520201885524918,0.7384270043934092,0.0,0.0
mlp,2,9,0.3928812887610459,0.005888038275127367,0.0020093078534800285,0.771977193471862,0.0,0.0,0.3713506793274599,0.002118539315073148,0.0001510794010006494,0.7383132015957552,0.0,0.0
mlp,2,10,0.39202183993851264,0.005271402874779774,0.0016991087667098859,0.7718017631914558,0.0,0.0,0.37127692909801707,0.0020366004764047615,0.00013951079445713034,0.7383411456556881,0.0,0.0
mlp,2,11,0.39130493053575843,0.004780317651017047,0.001454392139992972,0.7715948347638293,0.0,0.0,0.37171464983154745,0.0026285873232957196,0.00012818199363263214,0.7380439428722158,0.0,0.0
mlp,2,12,0.3907042483731014,0.004359727288119313,0.0012677650481303473,0.7714212783953038,0.0,0.0,0.3715936261064866,0.0024823776466826744,0.00012354746243491878,0.7380989474408767,0.0,0.0
mlp,2,13,0.3901589163919775,0.0040133871768442235,0.001126890942431623,0.7711641643105484,0.0,0.0,0.371536779053071,0.002312810351962552,0.00011493600151665946,0.7383330043624429,0.0,0.0
mlp,2,14,0.38985305915518503,0.0037329123077187235,0.0010073539884704187,0.7712329400748741,0.0,0.0,0.3712443148388582,0.00214724348830607,0.00010433996302548193,0.7380897998809814,0.0,0.0
mlp,2,15,0.38941237512158183,0.0034712768193879504,0.0008999587600289775,0.770982234216318,0.0,0.0,0.3716069214484271,0.0023431869271649595,0.00010692478998167003,0.7384205460548401,0.0,0.0
mlp,2,16,0.38915757834911346,0.0032319608286432012,0.0008127235497984035,0.7710385133580464,0.0,0.0,0.3714415588799645,0.0023396372596514135,9.247382374322864e-05,0.7381113767623901,0.0,0.0
mlp,2,17,0.38896856911298705,0.003029777427067662,0.000743252335956729,0.7711343321858383,0.0,0.0,0.37163594715735493,0.002641679773874143,9.125450485632481e-05,0.7378972803845125,0.0,0.0
mlp,2,18,0.38850463236250526,0.0028482569955153073,0.0006817971503861794,0.770630955696106,0.0,0.0,0.37169314307325024,0.002689341634429772,9.152702649076032e-05,0.7379160768845502,0.0,0.0
mlp,2,19,0.38841958343982697,0.0027064590504756424,0.0006260151922327989,0.7708002350679258,0.0,0.0,0.3715099236544441,0.002546346191700329,7.751823175246554e-05,0.7378496422487146,0.0,0.0
mlp,2,20,0.3880844926688729,0.0025936072669559863,0.0005892880130332055,0.770392481873675,0.0,0.0,0.3714454051326303,0.002424088046502541,7.637009976486511e-05,0.7379662675016067,0.0,0.0
mlp,2,21,0.388138431964851,0.0025204444622121207,0.0005703905700967171,0.7706655852678346,0.0,0.0,0.3715823170016794,0.0024908999193404965,7.392321383710677e-05,0.7381089084288653,0.0,0.0
mlp,2,22,0.3879643282512339,0.002465376655980036,0.0005470337587545012,0.7704508675307762,0.0,0.0,0.37193405628204346,0.002781967238714809,7.123106286813067e-05,0.7382329492007985,0.0,0.0
mlp,2,23,0.3879017902583611,0.002390805663109371,0.0005282298001608379,0.7704937392618598,0.0,0.0,0.37198977785951953,0.003049841431407806,7.008111017913667e-05,0.7378097947906045,0.0,0.0
mlp,2,24,0.3876721669987934,0.0023310199783115487,0.0005046107121970413,0.7701776841791664,0.0,0.0,0.3715934718356413,0.0026455517680219866,6.89787369029706e-05,0.7378268592497882,0.0,0.0
mlp,2,25,0.38781382797694786,0.00227139458605429,0.0004863001966264053,0.7705985642061001,0.0,0.0,0.3715202983687906,0.0026174656026448835,6.893335825332222e-05,0.7377367335207322,0.0,0.0
mlp,2,26,0.3875300295469237,0.0022253414428588456,0.00046906312544284977,0.7701403135206641,0.0,0.0,0.37154970449559827,0.002511697102283292,6.59709058869767e-05,0.7380100418539608,0.0,0.0
mlp,2,27,0.3875255068627799,0.002157642849630154,0.00045114547680075303,0.7702845814751416,0.0,0.0,0.37147146288086386,0.0025501877569374352,6.749913646832712e-05,0.7377750522950116,0.0,0.0
mlp,2,28,0.3874520623102421,0.002104338756819233,0.00043445137626116684,0.7702609954810724,0.0,0.0,0.37186990765964284,0.0027604063644128688,6.238651686169974e-05,0.7381566166877747,0.0,0.0
mlp,2,29,0.3873116301327217,0.0020728412186499776,0.00041973710389489805,0.7700578381375569,0.0,0.0,0.3716096106697531,0.002634755993152366,6.203969828407829e-05,0.7378876665059257,0.0,0.0
mlp,3,1,0.7670952463295402,0.1998170586984332,0.1602602883173925,0.9742960857182015,0.0,0.0,0.4040057816926171,0.012873369460815893,0.00420664984952001,0.778058178284589,0.0,0.0
mlp,3,2,0.44912174816538647,0.040088971826906614,0.028864454750607654,0.7892011018787942,0.0,0.0,0.38078757594613466,0.007711154641583562,0.001264916914378238,0.7448879269992604,0.0,0.0
mlp,3,3,0.4154842681274181,0.020039922830353423,0.013152764019806211,0.7777359274829306,0.0,0.0,0.377282812314875,0.005997167037361685,0.0006329168921665234,0.7419383701156167,0.0,0.0
mlp,3,4,0.4054397606268162,0.013885077429799044,0.008133333925975532,0.7749760310824324,0.0,0.0,0.3749929841826944,0.004701904418385204,0.00043491353554760706,0.7401472470339607,0.0,0.0
mlp,3,5,0.40056022856293655,0.01073557180466085,0.005700179199665421,0.7739491331868056,0.0,0.0,0.37401743671473336,0.003994072534089141,0.0003038570250603644,0.739742868086871,0.0,0.0
mlp,3,6,0.3975054236446939,0.008839299800101577,0.0043253290620291745,0.773006920407458,0.0,0.0,0.3729701129829182,0.0033564609304234825,0.0002510274147532661,0.7389762787257924,0.0,0.0
mlp,3,7,0.39542415956171545,0.007548938789291353,0.0034342624173249775,0.7723161825319615,0.0,0.0,0.3727228133117451,0.0031761603587416604,0.00022216955189565744,0.7388711361324086,0.0,0.0
mlp,3,8,0.39401846687968184,0.006549476157510426,0.0028124868091786415,0.7721254963700365,0.0,0.0,0.3722419493338641,0.002885938070796649,0.00017517159593647674,0.7385368522475747,0.0,0.0
mlp,3,9,0.3928941012155719,0.005805995468640837,0.0023668574867770076,0.7718093562416914,0.0,0.0,0.3720318131587085,0.002418447412577841,0.00015840935649227023,0.7390683153096367,0.0,0.0
mlp,3,10,0.39200836420059204,0.00521162912113274,0.002030731486894826,0.7715627383895036,0.0,0.0,0.37196815539808836,0.002727144137572716,0.0001529520467396223,0.7383290704558877,0.0,0.0
mlp,3,11,0.3915078145701711,0.004735960738687981,0.001755238732141329,0.7717884662674694,0.0,0.0,0.3723479106145747,0.0027720229974126116,0.00013779154944452732,0.7390139804166906,0.0,0.0
mlp,3,12,0.39076983056417325,0.004319473964775481,0.001536022357801657,0.7713646910539488,0.0,0.0,0.3718868125887478,0.002680091978297295,0.0001344491247436963,0.7382789955419653,0.0,0.0
mlp,3,13,0.39023833231228156,0.003967579780714359,0.001353507861495018,0.7711879967189417,0.0,0.0,0.37217071126489076,0.002623502048663795,0.00011217917584444341,0.738982246202581,0.0,0.0
mlp,3,14,0.3898661518242301,0.003691236962700581,0.001210225780108353,0.7711396042893572,0.0,0.0,0.3714348375797272,0.0024275312693241764,0.00010530444342293777,0.7379093029919792,0.0,0.0
mlp,3,15,0.3896202059780679,0.003437586659679144,0.001096592300355707,0.7712686461646382,0.0,0.0,0.3713400679476121,0.0023474991698201526,0.00010493004511398099,0.7378802054068622,0.0,0.0
mlp,3,16,0.3891879501866131,0.003215356409072694,0.000987806918224456,0.7709573790794466,0.0,0.0,0.37184034726198983,0.002503212174975916,9.183513119590797e-05,0.7385824392823612,0.0,0.0
mlp,3,17,0.38886988635470227,0.0030187727292863334,0.0009039739592614152,0.7707982513962722,0.0,0.0,0.3715939381543328,0.00252370404846528,8.868030122625093e-05,0.7380517861422371,0.0,0.0
mlp,3,18,0.3886518409339393,0.002836320733810525,0.0008268082434902104,0.7708042358479849,0.0,0.0,0.3718734120621401,0.0024317998117219437,8.941582499948494e-05,0.7387938148835126,0.0,0.0
mlp,3,19,0.38849970334913675,0.0027006352320313454,0.0007638358929841892,0.770834298395529,0.0,0.0,0.37255051381447735,0.0026587404118960396,8.571854842183016e-05,0.7396978315185098,0.0,0.0
mlp,3,20,0.38820730295123124,0.002555753269073803,0.0007083450377316828,0.7705947582314654,0.0,0.0,0.37309817531529593,0.0024316162213354428,8.204819502733538e-05,0.7412510759690228,0.0,0.0
mlp,3,21,0.3881715823237489,0.0024335826406391655,0.0006524118567850986,0.7708235884585032,0.0,0.0,0.3723343119901769,0.0022790550822666023,7.641809069729574e-05,0.7400340893689323,0.0,0.0
mlp,3,22,0.3878485883881406,0.0023209793300072593,0.0006147948151919991,0.770440425087766,0.0,0.0,0.37193124785142784,0.0022145011667710018,7.01647877576761e-05,0.7393633302520303,0.0,0.0
mlp,3,23,0.3876984588256696,0.0022002954388082754,0.000569742351128697,0.7704265851800035,0.0,0.0,0.3733274849022136,0.0028429315802093375,8.137128551264622e-05,0.7408877330667832,0.0,0.0
mlp,3,24,0.3875350817674544,0.0021157261529346793,0.00053616381490251,0.7703025479142259,0.0,0.0,0.3728939662961399,0.0031011741307071026,6.254601141657022e-05,0.7395230356384727,0.0,0.0
mlp,3,25,0.3874567529050315,0.0020364437297713464,0.0005115747172101514,0.7703290436326004,0.0,0.0,0.3723347853211796,0.0028143530944362283,5.9858630907803995e-05,0.7389810050235075,0.0,0.0
mlp,3,26,0.3873691173588357,0.0019919644422238558,0.0004966373231670842,0.7702576692511396,0.0,0.0,0.3724889106610242,0.0028842317234889113,5.7002852747031924e-05,0.7391523543526145,0.0,0.0
mlp,3,27,0.3874108489693665,0.001954142790764752,0.0004789984775082458,0.7704344130143886,0.0,0.0,0.37313472874024334,0.0025846728411338784,5.8504341616165166e-05,0.7410416077165043,0.0,0.0
mlp,3,28,0.38723899787519034,0.0019111000427340225,0.00046284793643280864,0.7701929487833162,0.0,0.0,0.3732650455306558,0.002879836952642483,5.433497447965612e-05,0.7407160822082969,0.0,0.0
mlp,3,29,0.3871503574092214,0.0018692859931190202,0.00045035262705712785,0.7701117926981391,0.0,0.0,0.3724570607437807,0.002755712190478602,5.6367207648958464e-05,0.7393463218913359,0.0,0.0
mlp,3,30,0.38695960401034935,0.0018166905359887496,0.00043756667369828994,0.7698482602107816,0.0,0.0,0.3730789054842556,0.0028562434702454243,5.396489391654648e-05,0.7403913561035605,0.0,0.0
mlp,4,1,0.7608701314141111,0.20089106661517445,0.1648435942919516,0.9551145281733536,0.0,0.0,0.3931128259967355,0.011573262540075709,0.0034703221582971953,0.7596088121919071,0.0,0.0
mlp,4,2,0.44066164479023073,0.036753378763068015,0.021681128467274147,0.7861354002138463,0.0,0.0,0.37989719825632434,0.007497226052424487,0.0010011042331290595,0.7437988379422356,0.0,0.0
mlp,4,3,0.4137613213643795,0.019809379446797254,0.010555358864821313,0.7773485234597834,0.0,0.0,0.37616757610264945,0.005348691477111596,0.0006198556186384795,0.7410179131171283,0.0,0.0
mlp,4,4,0.4047966792089183,0.013901886450717361,0.006816024415013267,0.7749735625778756,0.0,0.0,0.3745052218437195,0.004294116981327534,0.0004964451911612688,0.7399257631862864,0.0,0.0
mlp,4,5,0.40022463406004555,0.01087639510358979,0.0048874556030169495,0.7738090193853145,0.0,0.0,0.37335609688478355,0.003611120429602178,0.00035680128220359194,0.7391331476323745,0.0,0.0
mlp,4,6,0.39726544880285497,0.00892277425950075,0.0037066761756361258,0.77297867216715,0.0,0.0,0.3729236546684714,0.0034298898980898015,0.00029329956262646355,0.7386942260405597,0.0,0.0
mlp,4,7,0.3953014176066329,0.007530346688837177,0.0029493461635599775,0.7725928004195051,0.0,0.0,0.3724305594668669,0.0031080396250164244,0.00023683817476814832,0.7384082008810604,0.0,0.0
mlp,4,8,0.393866628408432,0.006533835202500951,0.0024269847142532833,0.7722385976372695,0.0,0.0,0.3719656660276301,0.0027413747225449804,0.0002127578606151099,0.7382358172360588,0.0,0.0
mlp,4,9,0.3927236646413803,0.005788217730275015,0.002031076316176573,0.7718398185764871,0.0,0.0,0.3722567312857684,0.003142029995454804,0.00018658619570915643,0.7380428173962761,0.0,0.0
mlp,4,10,0.39194925129413605,0.005189605625119151,0.0017375911134522317,0.771781696778972,0.0,0.0,0.371992966708015,0.002812445502700832,0.00017418054502580643,0.7381868642919204,0.0,0.0
mlp,4,11,0.39122582317852395,0.004712038451987432,0.0015108664051584173,0.7715167017971597,0.0,0.0,0.37202371569240794,0.003017086741131018,0.0001584285038167282,0.7378548313589657,0.0,0.0
mlp,4,12,0.3903812835129296,0.004290835480432867,0.0013265689656070275,0.7708543284637172,0.0,0.0,0.3722873172339271,0.003187934320200892,0.00014741124965332667,0.7380513513789457,0.0,0.0
mlp,4,13,0.3901673642600455,0.0039657587838563615,0.001176942937734832,0.7712262716235184,0.0,0.0,0.371839034206727,0.002907632730271229,0.00013077199957265025,0.737732024753795,0.0,0.0
mlp,4,14,0.38976282971661264,0.00366416229673366,0.0010582838184768108,0.7711390518560642,0.0,0.0,0.37227560141507315,0.0030507525319562238,0.00014189214390866896,0.7383078091284808,0.0,0.0
mlp,4,15,0.38947407937631373,0.0034225829309079705,0.0009653789158796937,0.7711376133488446,0.0,0.0,0.37230176084181843,0.002944454550743103,0.00011423257926841924,0.7386003802804386,0.0,0.0
mlp,4,16,0.3889685026029261,0.0032076818737905564,0.0008765697811457623,0.770645071093629,0.0,0.0,0.37198056718882394,0.0029768842539530903,0.00011722963822916533,0.7378901278271395,0.0,0.0
mlp,4,17,0.3887851968771074,0.0030312367130025494,0.0007991139740092544,0.7707088066310417,0.0,0.0,0.3724786463905783,0.0034564886420198225,9.791632606613669e-05,0.737946398117963,0.0,0.0
mlp,4,18,0.3884908444270855,0.002848503480824392,0.0007291185604294808,0.770555556547351,0.0,0.0,0.3723977611345403,0.00337222424979486,9.503221286542932e-05,0.7379560470581055,0.0,0.0
mlp,4,19,0.38828520694883856,0.002683173572621876,0.0006755971088551167,0.7705284720513879,0.0,0.0,0.3726460372700411,0.0036001705379663583,9.224949655403821e-05,0.7379994848195244,0.0,0.0
mlp,4,20,0.3881463819160694,0.0025481198312396684,0.0006270579562136313,0.7705694662361611,0.0,0.0,0.3724453133695266,0.0034864097080357813,9.114556001697886e-05,0.7378266629050759,0.0,0.0
mlp,4,21,0.38790102412060995,0.0024414474581845287,0.0005848625825331887,0.7703342910219984,0.0,0.0,0.3729575276374817,0.0037383946507950037,8.501194465412375e-05,0.7383532559170443,0.0,0.0
mlp,4,22,0.38758867433885247,0.0023077381987737992,0.0005458331487294877,0.7700160385631933,0.0,0.0,0.3730103057973525,0.0038385588114204653,8.100587964530431e-05,0.7382624885615181,0.0,0.0
mlp,4,23,0.3875661706779061,0.0022237919066555615,0.0005139168373184143,0.770170840548306,0.0,0.0,0.3730722262578852,0.0037545192788135916,7.810233450179701e-05,0.7385573071591994,0.0,0.0
mlp,4,24,0.3875512240863428,0.0021794767263799723,0.00049791290359458,0.7702455796846529,0.0,0.0,0.37307313084602356,0.004160082296413534,8.266589108697029e-05,0.7377434302778805,0.0,0.0
mlp,4,25,0.3874321100188465,0.002126175876161674,0.0004815804621590892,0.7701302883101673,0.0,0.0,0.37321596461183887,0.0037314934204058614,7.282355299513951e-05,0.7388961174908806,0.0,0.0
mlp,4,26,0.3873483633122793,0.0020801467315589147,0.00046427904311624333,0.7700721570631353,0.0,0.0,0.3732353168375352,0.0037224162917803318,7.262650700902347e-05,0.7389531801728642,0.0,0.0
mlp,4,27,0.38725221302451157,0.0020310023455971443,0.00045177610321311143,0.7699906462576331,0.0,0.0,0.37340916079633374,0.0041714224156320975,7.387006104074637e-05,0.7384016058024239,0.0,0.0
mlp,4,28,0.3870171388474906,0.0019842766994814867,0.00043437284631824984,0.7696313530933566,0.0,0.0,0.3737260208410375,0.004325564786353532,6.99988762361874e-05,0.7387309109463411,0.0,0.0
